code	product_name_fr	generic_name_fr	quantity	packaging	brands	categories	allergens	energy.kcal_value	fat_value	saturated.fat_value	sugars_value	proteins_value	salt_value	off.nutriscore_score	Sandwich
2000000133442	Master Cantal	Burger au cantal	1	NA	Burger King	Sandwichs, Hamburgers	NA	NA	NA	NA	NA	NA	NA	NA	Oui
2000000036043	Chili Cheese Nuggets	NA	NA	NA	Burger King	Produits panés	NA	531	32	11	1,8	16	2,5	26	Non
2000000028596	Whopper	NA	273 g	Papier	Burger King	Sandwichs, Hamburgers	Céleri, Œufs, Gluten, Lait, Graines de sésame	624	35	9,4	12	28	2,5	28	Oui
2000000132285	Original Veggie King	Burger végétarien avec haché végétal	1 sandwich	Papier	Burger King	Sandwichs, Hamburgers végétariens	Œufs, Gluten, Lait, Moutarde, Soja, Anhydride sulfureux et sulfites	706	44	13	13	28	3,4	30	Oui
2000000031103	BBQ DIP Burger King	Sauce barbecue	25 ml	Plastique, Barquette	Burger King	en:groceries, Sauces, Sauces barbecue, Trempettes	NA	180	3,2	0,4	35,2	0,8	2,2	18	Non
2000000036046	Onion Rings (petite)	NA	89 g	Papier, Sachet	Burger King	Aliments et boissons à base de végétaux, Aliments d'origine végétale, Surgelés, Aliments à base de plantes surgelés, Produits panés, Mélanges d'aliments à base de plantes surgelés, Rondelles d'oignon panées, Beignets d'oignons	NA	299	13,8	3,5	4,8	5	0,9	5	Non
2000000041830	Curry Mango Sauce	NA	25 g (23 ml)	Plastique, Barquette	Burger King	en:groceries, Sauces, Sauces au curry	NA	NA	NA	NA	NA	NA	NA	NA	Non
2000000116058	PETIT TEXAS BACON	NA	117.5 g	Boîte	Burger King	Sandwichs, Hamburgers, Hamburgers de fast food	Œufs, Gluten, Lait, Moutarde, Graines de sésame	382	21,3	7,2	5	18,5	1,6	16	Oui
2000000036026	Long Chicken	Sandwich chaud au poulet pané	212 g	Boîte, Carton	Burger King	Sandwichs, Hamburgers, Burger au poulet	Graines de sésame, Pain, Mayonnaise	557	31	3,2	4,9	22,4	2,9	NA	Oui
2000000036015	Big King	NA	210 g	Papier	Burger King	Sandwichs, Hamburgers	Lait	586	35	12,7	7	30,8	2,4	28	Oui
2000000041829	Double Whopper Cheese	NA	385 g	Papier	Burger King	Sandwichs, Cheeseburgers, Hamburgers	Céleri, Œufs, Gluten, Lait, Graines de sésame	256	16,4	5,4	3,8	13,9	0,8	11	Oui
2000000036031	Frites (moyenne)	NA	116 g	Carton	Burger King	Chips et frites, Frites	NA	266	11,1	3,6	0,2	3,3	0,7	7	Non
2000000031101	Ketchup Burger King	Ketchup	20 g	Plastique, Sachet	Burger King	en:groceries, Sauces, Sauces tomate, Ketchup	NA	NA	NA	NA	NA	NA	NA	NA	Non
2000000116063	DOUBLE CHEESE BACON XXL	NA	343 g	NA	Burger King	Sandwichs, Hamburgers, Hamburgers de fast food	Céleri, Gluten, Lait, Moutarde, Graines de sésame	274	16,1	7,67	3,44	17,7	1,4	16	Oui
2000000036057	Salade Delight	NA	NA	NA	Burger King	NA	NA	222	13	4,5	2,7	8	0,925	NA	Non
2000000036022	Bacon Cheeseburger	NA	NA	NA	Burger King	Sandwichs, Cheeseburgers	NA	NA	NA	NA	NA	NA	NA	NA	Oui
2000000116062	BUFFALO CHICKEN FRIES	NA	91 g	NA	Burger King	Chips et frites	Céleri, Gluten	268	15	1,8	0,2	16,2	2	13	Non
2000000116061	WRAP CHICKEN LOUISIANE	NA	266.4 g	NA	Burger King	Sandwichs, Wraps	Céleri, Œufs, Gluten, Lait, Moutarde	698	39,3	11,8	7,2	27,9	3,8	13	Oui
2000000116059	CROUSTY CHEESE	NA	108 g	NA	Burger King	NA	Gluten, Lait	395	27	0,4	0,8	13,3	2,8	NA	Non
2000000116057	CHICKEN LOUISIANE STEAKHOUSE	NA	304.4 g	NA	Burger King	Sandwichs, Hamburgers, Burger au poulet, Hamburgers de fast food	Céleri, Œufs, Gluten, Lait, Moutarde	825	47,2	12	10,8	36,7	5,2	13	Oui
2000000036037	King Wings (moyenne)	NA	NA	NA	Burger King	Viandes, Volailles, Poulets, Ailes de poulet	NA	382	23,6	7,1	0,9	37,5	3,4	14	Non
5410556197904	Huile de friture	NA	15l	NA	Burger King	Aliments et boissons à base de végétaux, Aliments d'origine végétale, Matières grasses, Matières grasses végétales, Huiles	NA	828	92	28	0	0	0	14	Non
2000000036017	X-Tra Long Chili Cheese	NA	NA	NA	Burger King	Sandwichs, Cheeseburgers	NA	NA	NA	NA	NA	NA	NA	NA	Oui
2000000036020	Double Chili Cheese Burger	NA	NA	NA	Burger King	Sandwichs, Cheeseburgers	NA	NA	NA	NA	NA	NA	NA	NA	Oui
2000000036021	Chili Cheese Burger	NA	NA	NA	Burger King	Sandwichs, Cheeseburgers	NA	NA	NA	NA	NA	NA	NA	NA	Oui
2000000063556	King Deal Double BBQ Burger	NA	NA	NA	Burger King	Sandwiches, Hamburgers	NA	NA	NA	NA	NA	NA	NA	NA	Oui
2000000036025	Whopper Junior	NA	141 g	NA	Burger King	Sandwichs, Hamburgers	NA	252	15,4	3	3,8	9,2	3	15	Oui
2000000036023	Cheeseburger	NA	115 g	NA	Burger King	Sandwichs, Cheeseburgers	NA	282	13,1	5,1	0,2	14,4	1,4	12	Oui
2000000036014	Double WHOPPER	NA	NA	NA	Burger King	Sandwichs, Hamburgers	NA	256	16,4	5,4	3,8	13,9	0,8	11	Oui
2000000036018	Double Steakhouse	NA	NA	NA	Burger King	NA	NA	297	20,1	8,6	3,2	15,5	1	NA	Non
2000000036032	Frites (grande)	NA	NA	NA	Burger King	Chips et frites, Frites	NA	251	10	3,8	0,2	3,4	0,9	7	Non
2000000036029	Chicken Nugget Burger	NA	NA	NA	Burger King	Sandwichs, Burger au poulet	NA	NA	NA	NA	NA	NA	NA	NA	Oui
2000000036019	Double Cheeseburger	NA	NA	NA	Burger King	Sandwichs, Cheeseburgers	NA	NA	NA	NA	NA	NA	NA	NA	Oui
2000000036051	Brownie chaud	NA	NA	NA	Burger King	Snacks, Snacks sucrés, Biscuits et gâteaux, Gâteaux, Gâteaux au chocolat, Brownies	NA	NA	NA	NA	NA	NA	NA	NA	Non
2000000036053	Donut	NA	NA	NA	Burger King	Snacks, Snacks sucrés, Biscuits et gâteaux, Gâteaux, Donuts	NA	NA	NA	NA	NA	NA	NA	NA	Non
2000000036041	King Nuggets (grande)	NA	NA	NA	Burger King	Viandes, Préparations de viande, Volailles, Produits panés, Poulets, Volailles cuites, Préparations au poulet, Poulets cuisinés, Nuggets de volaille, Poulets panés, Nuggets de poulet	NA	NA	NA	NA	NA	NA	NA	NA	Non
2000000036040	King Nuggets (moyenne)	NA	NA	NA	Burger King	Viandes, Préparations de viande, Volailles, Produits panés, Poulets, Volailles cuites, Préparations au poulet, Poulets cuisinés, Nuggets de volaille, Poulets panés, Nuggets de poulet	NA	NA	NA	NA	NA	NA	NA	NA	Non
2000000036039	King Nuggets (petite)	NA	NA	NA	Burger King	Viandes, Préparations de viande, Volailles, Produits panés, Poulets, Volailles cuites, Préparations au poulet, Poulets cuisinés, Nuggets de volaille, Poulets panés, Nuggets de poulet	NA	NA	NA	NA	NA	NA	NA	NA	Non
2000000036042	King Nuggets (très grande)	NA	NA	NA	Burger King	Viandes, Préparations de viande, Volailles, Produits panés, Poulets, Volailles cuites, Préparations au poulet, Poulets cuisinés, Nuggets de volaille, Poulets panés, Nuggets de poulet	NA	NA	NA	NA	NA	NA	NA	NA	Non
2000000036030	Frites (petite)	NA	NA	NA	Burger King	Chips et frites, Frites	NA	NA	NA	NA	NA	NA	NA	NA	Non
2000000036038	King Wings (grande)	NA	NA	NA	Burger King	Viandes, Volailles, Poulets, Ailes de poulet	NA	NA	NA	NA	NA	NA	NA	NA	Non
2000000036036	King Wings (ailes de poulet – petite)	NA	NA	NA	Burger King	Viandes, Volailles, Poulets, Ailes de poulet	NA	NA	NA	NA	NA	NA	NA	NA	Non
2000000036048	X-Cream Sunday	NA	NA	NA	Burger King	NA	NA	NA	NA	NA	NA	NA	NA	NA	Non
2000000036028	Little Grilled Chicken	NA	NA	NA	Burger King	NA	NA	NA	NA	NA	NA	NA	NA	NA	Non
2000000036049	King Sunday	NA	NA	NA	Burger King	NA	NA	NA	NA	NA	NA	NA	NA	NA	Non
2000000036016	BIG KING XXL	NA	NA	NA	Burger King	NA	NA	NA	NA	NA	NA	NA	NA	NA	Non
2000000036052	Muffin	NA	NA	NA	Burger King	NA	NA	NA	NA	NA	NA	NA	NA	NA	Non
2000000036064	Croc-monsieur	NA	NA	NA	Burger King	NA	NA	NA	NA	NA	NA	NA	NA	NA	Non
2000000036063	Mini pancakes	NA	NA	NA	Burger King	NA	NA	NA	NA	NA	NA	NA	NA	NA	Non
2000000036062	Oeufs et bacon	NA	NA	NA	Burger King	NA	NA	NA	NA	NA	NA	NA	NA	NA	Non
2000000036061	Burger petit déjeuner	NA	NA	NA	Burger King	NA	NA	NA	NA	NA	NA	NA	NA	NA	Non
2000000036060	Country Burger (King menu)	NA	NA	NA	Burger King	NA	NA	NA	NA	NA	NA	NA	NA	NA	Non
2000000036059	Country Burger	NA	NA	NA	Burger King	NA	NA	NA	NA	NA	NA	NA	NA	NA	Non
2000000036058	Frites aux pommes	NA	NA	NA	Burger King	NA	NA	NA	NA	NA	NA	NA	NA	NA	Non
2000000036056	Smoothie Glacé ou Frappé (grand)	NA	NA	NA	Burger King	NA	NA	NA	NA	NA	NA	NA	NA	NA	Non
2000000036055	Smoothie Glacé ou Frappé (moyen)	NA	NA	NA	Burger King	NA	NA	NA	NA	NA	NA	NA	NA	NA	Non
2000000036054	Smoothie Glacé ou Frappé (petit)	NA	NA	NA	Burger King	NA	NA	NA	NA	NA	NA	NA	NA	NA	Non
2000000036050	Glace en cornet	NA	NA	NA	Burger King	NA	NA	NA	NA	NA	NA	NA	NA	NA	Non
2000000036047	King Shake (petit)	NA	NA	NA	Burger King	NA	NA	NA	NA	NA	NA	NA	NA	NA	Non
2000000036045	Chili Cheese Nuggets (grande)	NA	NA	NA	Burger King	NA	NA	NA	NA	NA	NA	NA	NA	NA	Non
2000000036044	Chili Cheese Nuggets (moyenne)	NA	NA	NA	Burger King	NA	NA	NA	NA	NA	NA	NA	NA	NA	Non
2000000036035	Satisfries (grande)	NA	NA	NA	Burger King	NA	NA	NA	NA	NA	NA	NA	NA	NA	Non
2000000036034	Satisfries (moyenne)	NA	NA	NA	Burger King	NA	NA	NA	NA	NA	NA	NA	NA	NA	Non
2000000036033	Satisfries (petite)	NA	NA	NA	Burger King	NA	NA	NA	NA	NA	NA	NA	NA	NA	Non
2000000036027	Crispy Chicken	NA	NA	NA	Burger King	NA	NA	NA	NA	NA	NA	NA	NA	NA	Non
2000000032854	Sauce Dips Smoky BBQ	Sauce pour nuggets saveur Smoky BBQ	25 g	Plastique, Barquette	KFC	en:groceries, Sauces, Sauces barbecue, Sauces à dips	NA	NA	NA	NA	NA	NA	NA	NA	Non
2000000035279	i-Twist cheese	NA	119,3 g	Carton	KFC	Sandwichs, Wraps, Wraps-au-poulet	NA	284	13	2	2	13	1	-3	Oui
2000000010019	Frites Grandes salées	NA	140 g	Carton	KFC	Chips et frites, Frites	NA	NA	19	2	1	6	1	2	Non
2000000035292	Tower® Original	NA	259 g	Carton	KFC	Sandwichs, Sandwichs à la volaille, Sandwichs au poulet	NA	NA	20	3	10	33	4	2	Oui
2000000035312	Maxi Tenders® *	NA	200 g	Sachet	KFC	Viandes, Préparations de viande, Volailles, Produits panés, Poulets, Volailles cuites, Préparations au poulet, Poulets cuisinés, Poulets panés, Fast food	NA	NA	17	2	0	37	3	3	Non
3760074792320	Les fruits by KFC	NA	80 g	Plastique, Sachet	KFC	Aliments et boissons à base de végétaux, Aliments d'origine végétale, Aliments à base de fruits et de légumes, Fruits et produits dérivés, Fruits, Pommes, Pommes sucrées, Pommes gala	NA	53	0,16	0,04	11,3	0,31	0,01	-3	Non
2000000035352	Dips Sauce Creamy Curry	Sauce curry	23 g	Plastique	KFC	en:groceries, Sauces, Sauces au curry	Œufs	370	35	3	NA	NA	2	NA	Non
2000000002712	Pain Boule aux céréales Le Forester (Très bonne conservation)	Ketchup	10 g	Plastique	KFC	en:groceries, Sauces, Sauces tomate, Ketchup	NA	NA	NA	NA	NA	NA	NA	NA	Non
2000000116554	BOXMASTER® MAXX ORIGINAL	NA	376 g	Boîte, Carton	KFC	Sandwichs, Wraps	Œufs, Gluten, Lait, Moutarde	910	45	9	2	54	5	3	Oui
2000000000804	Mayonnaise	Mayonnaise allégée de 55% de matières grasses par rapport à une mayonnaise standard à 70% de matière grasse	10g	Sachet	KFC	en:groceries, Sauces, Mayonnaises	Œufs, Moutarde, Anhydride sulfureux et sulfites	NA	NA	NA	NA	NA	NA	NA	Non
2000000117000	BUCKET TENDERS®	NA	NA	NA	KFC	Viandes, Volailles, Produits panés	Céleri, Gluten, Lait, Soja, SO2	200	8	1	0,1	18	2	5	Non
2000000116999	TENDERS®	NA	5 filets de poulet	NA	KFC	Viandes, Volailles, Produits panés, Poulets, Volailles cuites, Poulets cuisinés	Céleri, Gluten, Lait, Soja, SO2	200	8	1	0,1	18	2	5	Non
2000000116580	SALADE CAESAR PARMIGIANO VEGGIE	NA	227,1 g	NA	KFC	Plats préparés, en:salads, Salades composées, Salades caesar	Lait	268	10	6	7	25	2	-3	Non
2000000116560	DOUBLE KRUNCH BBQ	NA	205.6 g	NA	KFC	Sandwichs, Burger au poulet	NA	436	13	1	12	23	3	3	Oui
2000000116561	ITWIST® CHEESE	NA	119.4 g	NA	KFC	Sandwichs, Wraps	NA	284	13	2	2	13	1	-3	Oui
2000000116559	KRUNCHY®	NA	102.5 g	NA	KFC	Sandwichs, Burger au poulet	NA	283	13	2	4	13	1	1	Oui
2000000116558	COLONEL® ORIGINAL BACON	NA	236 g	NA	KFC	Sandwichs, Burger au poulet	NA	623	31	9	8	33	4	13	Oui
2000000116557	COLONEL® ORIGINAL	NA	231.2 g	NA	KFC	Sandwichs, Burger au poulet	NA	587	29	7	8	31	4	12	Oui
2000000116556	BOXMASTER® ORIGINAL	NA	274.6 g	NA	KFC	Sandwichs, Wraps	Œufs, Gluten, Lait, Moutarde	656	29	8	1	36	4	3	Oui
2000000116555	TOWER® ORIGINAL	NA	258.7 g	NA	KFC	Sandwichs, Burger au poulet	Œufs, Gluten, Lait, Moutarde, Graines de sésame	600	20	3	10	33	4	2	Oui
2000000116553	DOUBLE STACKER®	NA	344.4 g	NA	KFC	Sandwichs, Burger au poulet	Œufs, Gluten, Lait, Moutarde, Graines de sésame	768	36	9	8	53	5	5	Oui
2000000035354	Sweet Imperial	NA	NA	NA	KFC	NA	NA	NA	0	1	NA	1	0	NA	Non
2000000035351	Sauce 2HOT4U®	NA	NA	NA	KFC	NA	NA	NA	NA	NA	NA	NA	NA	NA	Non
2000000036816	Cream & Onion	NA	NA	NA	KFC	NA	NA	NA	NA	NA	NA	NA	NA	NA	Non
2000000035321	Tenders® 5	NA	NA	NA	KFC	Viandes, Volailles, Poulets	NA	NA	17	2	0	37	3	3	Non
2000000035340	Sundae saveur choc noisette	NA	NA	NA	KFC	NA	NA	NA	NA	NA	NA	NA	NA	NA	Non
2000000035319	Tenders® 2	NA	NA	NA	KFC	Viandes, Préparations de viande, Volailles, Produits panés, Poulets, Volailles cuites, Préparations au poulet, Poulets cuisinés, Nuggets de volaille, Poulets panés, Nuggets de poulet	NA	NA	NA	NA	NA	NA	NA	NA	Non
2000000035358	Salade - Caesar	NA	NA	NA	KFC	NA	Lait, Moutarde	1018	24	2,3	3,3	1	2,7	NA	Non
2000000035345	Muffin aux myrtilles	NA	NA	NA	KFC	Biscuits et gâteaux, Gâteaux, Muffins, Muffins aux fruits, Muffins aux myrtilles	NA	NA	NA	NA	NA	NA	NA	NA	Non
3181580277123	Pomme Gala	NA	NA	NA	KFC	Aliments et boissons à base de végétaux, Aliments d'origine végétale, Aliments à base de fruits et de légumes, Fruits et produits dérivés, Fruits, Pommes, Pommes sucrées, Pommes gala	Lait	53	0,16	0,04	11,3	0,31	0,01	-3	Non
2000000035344	Tiramisu	NA	NA	NA	KFC	Produits laitiers, Desserts, Biscuits et gâteaux, Desserts lactés, Pâtisseries, Tiramisu	NA	NA	NA	NA	NA	NA	NA	NA	Non
2000000035286	Krunchy sauce burger	NA	NA	NA	KFC	en:groceries, Sauces	NA	NA	NA	NA	NA	NA	NA	NA	Non
2000000035305	Duo Tenders® *	NA	12	NA	KFC	NA	NA	NA	8	NA	NA	18	2	NA	Non
2000000035324	Wings Hot 9	NA	NA	NA	KFC	Plats préparés, Produits à la viande, Plats préparés à la viande, Plats à la volaille, Plats au poulet, Fast food	NA	NA	57	16	0	39	4	15	Non
2000000035294	Boxmaster® OR	NA	NA	NA	KFC	Fast food	NA	NA	29	8	1	36	4	3	Non
2000000035314	Big Mix *	NA	NA	NA	KFC	Fast food	NA	NA	72	16	0	87	8	12	Non
2000000035300	Double Stacker Cheese & Bacon	NA	NA	NA	KFC	Sandwichs, Hamburgers	NA	NA	62	14	7	74	7	12	Oui
2000000035302	Double Stacker Zinger	NA	NA	NA	KFC	Sandwichs, Hamburgers	NA	NA	42	9	12	47	5	9	Oui
2000000035288	Twister® Tenders	NA	NA	NA	KFC	Sandwichs, Hamburgers	NA	NA	20	3	1	15	1	2	Oui
2000000035291	Brazer®	NA	NA	NA	KFC	NA	NA	NA	17	4	7	26	2	NA	Non
8711577130909	Tiramisu KFC	NA	NA	NA	KFC	NA	NA	274	NA	15,9	14,9	2,4	0,07	NA	Non
2000000035295	Boxmaster® Zinger	NA	NA	NA	KFC	NA	NA	NA	NA	NA	NA	NA	NA	NA	Non
2000000035326	Wings Original 9	NA	NA	NA	KFC	Viandes, Volailles, Poulets, Volailles cuites, Poulets cuisinés, Manchons de poulet	NA	NA	17	3	1	19	2	11	Non
2000000035290	The B.O.S.S® Bacon	NA	NA	NA	KFC	Sandwichs, Hamburgers	NA	259	13	4	2	15	2	11	Oui
2000000035281	i-Twist 2hot4u	NA	NA	NA	KFC	NA	NA	NA	NA	NA	NA	NA	NA	NA	Non
2000000035357	Salade - Balsamique	NA	NA	NA	KFC	NA	NA	NA	NA	NA	NA	NA	NA	NA	Non
2000000035356	Salade - Nature (allégée)	NA	NA	NA	KFC	NA	NA	NA	NA	NA	NA	NA	NA	NA	Non
2000000035355	Original Recipe	NA	NA	NA	KFC	NA	NA	NA	NA	NA	NA	NA	NA	NA	Non
2000000035353	Moutarde	NA	NA	NA	KFC	NA	NA	NA	NA	NA	NA	NA	NA	NA	Non
2000000035350	Kream Ball® façon Tarte citron meringué	NA	NA	NA	KFC	NA	NA	NA	NA	NA	NA	NA	NA	NA	Non
2000000035349	Kream Ball® caramel	NA	NA	NA	KFC	NA	NA	NA	NA	NA	NA	NA	NA	NA	Non
2000000035348	Kream Ball® saveur chocolat noisette	NA	NA	NA	KFC	NA	NA	NA	NA	NA	NA	NA	NA	NA	Non
2000000035347	Kream Ball® Fraise	NA	NA	NA	KFC	NA	NA	NA	NA	NA	NA	NA	NA	NA	Non
2000000035346	P'tit Flan	NA	NA	NA	KFC	NA	NA	NA	NA	NA	NA	NA	NA	NA	Non
2000000035343	Moelleux chocolat	NA	NA	NA	KFC	NA	NA	NA	NA	NA	NA	NA	NA	NA	Non
2000000035342	Sundae Fraise	NA	NA	NA	KFC	NA	NA	NA	NA	NA	NA	NA	NA	NA	Non
2000000035341	Sundae caramel	NA	NA	NA	KFC	NA	NA	NA	NA	NA	NA	NA	NA	NA	Non
2000000035339	Andros Pocket	NA	NA	NA	KFC	NA	NA	NA	NA	NA	NA	NA	NA	NA	Non
2000000035338	P'tit Yaourt Fraise	NA	NA	NA	KFC	NA	NA	NA	NA	NA	NA	NA	NA	NA	Non
2000000035337	Sundae nature	NA	NA	NA	KFC	NA	NA	NA	NA	NA	NA	NA	NA	NA	Non
2000000035336	Cookie cuit au chocolat au lait	NA	NA	NA	KFC	NA	NA	NA	NA	NA	NA	NA	NA	NA	Non
2000000035335	Petite salade (sans sauce)	NA	NA	NA	KFC	NA	NA	NA	NA	NA	NA	NA	NA	NA	Non
2000000035334	Frites normales salées	NA	NA	NA	KFC	NA	NA	NA	NA	NA	NA	NA	NA	NA	Non
2000000035333	Frites petites salées	NA	NA	NA	KFC	NA	NA	NA	NA	NA	NA	NA	NA	NA	Non
2000000035332	Cobette®	NA	NA	NA	KFC	NA	NA	NA	NA	NA	NA	NA	NA	NA	Non
2000000035331	4 Tomates cerises	NA	NA	NA	KFC	NA	NA	NA	NA	NA	NA	NA	NA	NA	Non
2000000035330	Pilons 2	NA	NA	NA	KFC	NA	NA	NA	NA	NA	NA	NA	NA	NA	Non
2000000035329	Fish 2	NA	NA	NA	KFC	NA	NA	NA	NA	NA	NA	NA	NA	NA	Non
2000000035328	Pièces Hot 2	NA	NA	NA	KFC	NA	NA	NA	NA	NA	NA	NA	NA	NA	Non
2000000035327	Pièces OR 2	NA	NA	NA	KFC	NA	NA	NA	NA	NA	NA	NA	NA	NA	Non
2000000035325	Wings Original 3	NA	NA	NA	KFC	NA	NA	NA	NA	NA	NA	NA	NA	NA	Non
2000000035323	Wings Hot 6	NA	NA	NA	KFC	NA	NA	NA	NA	NA	NA	NA	NA	NA	Non
2000000035322	Wings Hot 3	NA	NA	NA	KFC	NA	NA	NA	NA	NA	NA	NA	NA	NA	Non
2000000035320	Tenders® 4	NA	NA	NA	KFC	NA	NA	NA	NA	NA	NA	NA	NA	NA	Non
2000000035318	Bucket Super Pilons & Tenders 2	NA	NA	NA	KFC	NA	NA	NA	NA	NA	NA	NA	NA	NA	Non
2000000035317	Bucket Super Pilons & Tenders 1	NA	NA	NA	KFC	NA	NA	NA	NA	NA	NA	NA	NA	NA	Non
2000000035316	Big Mix + Pièces OR *	NA	NA	NA	KFC	NA	NA	NA	NA	NA	NA	NA	NA	NA	Non
2000000035315	Big Mix + Pièces Hot *	NA	NA	NA	KFC	NA	NA	NA	NA	NA	NA	NA	NA	NA	Non
2000000035313	Maxi Wings Hot *	NA	NA	NA	KFC	NA	NA	NA	NA	NA	NA	NA	NA	NA	Non
2000000035311	Duo Mix* + Pièces OR (Pièces et Tenders® )	NA	NA	NA	KFC	NA	NA	NA	NA	NA	NA	NA	NA	NA	Non
2000000035310	Duo Mix* + Pièces OR (Pièces et Wings Hot)	NA	NA	NA	KFC	NA	NA	NA	NA	NA	NA	NA	NA	NA	Non
2000000035309	Duo Mix* + Pièces Hot (Pièces et Tenders® )	NA	NA	NA	KFC	NA	NA	NA	NA	NA	NA	NA	NA	NA	Non
2000000035308	Duo Mix* + Pièces Hot (Pièces et Wings Hot)	NA	NA	NA	KFC	NA	NA	NA	NA	NA	NA	NA	NA	NA	Non
2000000035307	Duo Mix	NA	NA	NA	KFC	NA	NA	NA	NA	NA	NA	NA	NA	NA	Non
2000000035306	Duo Wings Hot	NA	NA	NA	KFC	NA	NA	NA	NA	NA	NA	NA	NA	NA	Non
2000000035304	Salade Chèvre Noix Tenders® (sans sauce)	NA	NA	NA	KFC	NA	NA	NA	NA	NA	NA	NA	NA	NA	Non
2000000035303	Salade Caesar Poulet cuit au four (sans sauce)	NA	NA	NA	KFC	NA	NA	NA	NA	NA	NA	NA	NA	NA	Non
2000000035299	Boxmaster® Maxx Zinger	NA	NA	NA	KFC	NA	NA	NA	NA	NA	NA	NA	NA	NA	Non
2000000035298	Boxmaster® Maxx OR	NA	NA	NA	KFC	NA	NA	NA	NA	NA	NA	NA	NA	NA	Non
2000000035297	Boxmaster® Legend	NA	NA	NA	KFC	NA	NA	NA	NA	NA	NA	NA	NA	NA	Non
2000000035296	Boxmaster® Fish	NA	NA	NA	KFC	NA	NA	NA	NA	NA	NA	NA	NA	NA	Non
2000000035293	Tower® Zinger	NA	NA	NA	KFC	NA	NA	NA	NA	NA	NA	NA	NA	NA	Non
2000000035287	Original Krunch	NA	NA	NA	KFC	NA	NA	NA	NA	NA	NA	NA	NA	NA	Non
2000000035289	Twister® Poulet cuit au four	NA	NA	NA	KFC	NA	NA	NA	NA	NA	NA	NA	NA	NA	Non
2000000010020	Sundae Saveur Chocolat-Noisettes	NA	NA	NA	KFC	NA	NA	NA	NA	NA	NA	NA	NA	NA	Non
2000000003271	Frite moyenne	Pomme de terre frites	110 g	Carton	Quick	Chips et frites, Frites	NA	304	14,1	2,3	0	3,7	0,1	3	Non
2000000024717	Sauce Barbecue	Sauce Barbecue	25 g	Plastique, Pot, Sous atmosphère protectrice	Quick	en:groceries, Condiments, Sauces, Sauces barbecue	NA	NA	0,1	0	6,3	0,2	0,3	11	Non
2000000024269	Long Bacon	Pain aux céréales accompagné de deux steaks hachés, de bacon, fromage, condiments	199 g	Boîte, Carton	Quick	Sandwichs, Hamburgers	Œufs, Gluten, Lait, Soja	NA	38,3	15,5	5,2	31,7	2,8	16	Oui
2000000024270	Long Chicken	Pain aux céréales accompagné d'une préparation de poulet panée, salade, fromage fondu	212 g	Boîte, Carton	Quick	Sandwichs, Hamburgers	Œufs, Gluten, Lait, Moutarde, Anhydride sulfureux et sulfites	NA	30,2	6,2	4,9	23,4	2,7	5	Oui
2000000024713	Frites Moyenne Les Rustiques	Pomme de terre frites façon rustique	133 g	Carton, Barquette	Quick	Chips et frites, Frites	Gluten	NA	10,9	1	1	4,1	1,6	6	Non
2000000024716	Chicken Dips	Bâtonnets de poulet pané	72 g (x 4)	Papier, Sachet	Quick	Viandes, Préparations de viande, Volailles, Produits panés, Poulets, Volailles cuites, Préparations au poulet, Poulets cuisinés, Poulets panés	Gluten, Moutarde	NA	7,2	0,8	0,1	10,6	0,6	1	Non
2000000002735	Tomato Ketchup	Ketchup	20 g	Plastique	Quick	en:groceries, Sauces, Sauces tomate, Ketchup	NA	23	0,1	0	4,1	0,4	0,7	15	Non
2000000025599	Giant	NA	172 g	Boîte, Carton	Quick	Sandwichs, Hamburgers	Œufs, Gluten, Lait, Soja, Anhydride sulfureux et sulfites	NA	37,4	11,9	4,8	25	1,5	12	Oui
2000000029570	Quick N'Toast Cheese	NA	228 g	Carton, Barquette	Quick	Sandwichs, Hamburgers	Œufs, Gluten, Lait	543	27,8	13,3	3	34,4	1,6	5	Oui
2000000031100	Ketchup Quick	Quick	20g	Plastique, Sachet	Quick	en:groceries, Sauces, Sauces tomate, Ketchup	NA	NA	NA	NA	NA	NA	NA	NA	Non
2000000049556	La Petite Salade	Mélange de crudités	75 g	Plastique, Carton	Quick	Aliments et boissons à base de végétaux, Aliments d'origine végétale, Plats préparés, en:salads, Salades composées, Plats préparés d'origine végétale, Crudités, Fastfood, Mélanges de crudités	NA	NA	0,2	0	0,2	0,8	0,1	0	Non
2000000024907	YouBurger Sauce Béarnaise	Hamburger à base de pain aux graines de sésame accompagné d'un steak haché, salade, fromage et sauce Béarnaise	221 g	Carton, Barquette	Quick	Sandwichs, Hamburgers	Œufs, Gluten, Lait, Moutarde, Anhydride sulfureux et sulfites	NA	31,4	9,1	4,9	33,2	1,9	5	Oui
2000000050834	Chicken Dips (*7)	NA	126 g	Papier, Sachet	Quick	Viandes, Préparations de viande, Volailles, Produits panés, Poulets, Volailles cuites, Préparations au poulet, Poulets cuisinés, Nuggets de volaille, Poulets panés, Nuggets de poulet, Fast Food	Gluten, Moutarde	NA	12,6	1,3	0,2	18,5	1,1	0	Non
2000000024531	Quick N'Toast steak haché bacon fromage	Hamburger à base de pain de mie toasté accompagné d'un steak haché, tomate, bacon, fromage et sauce poivrée	227 g	Carton, Barquette	Quick	Sandwichs, Hamburgers, Fastfood	Œufs, Gluten, Lait, Moutarde, Soja, Anhydride sulfureux et sulfites	NA	37	13,8	4,9	35,4	2,7	14	Oui
3608580806349	Compote	NA	90 g	Plastique, Gourde	Quick	Aliments et boissons à base de végétaux, Aliments d'origine végétale, Desserts, Aliments à base de fruits et de légumes, Fruits et produits dérivés, Compotes, Compotes de pomme, Compotes à boire	NA	47	0,2	0	10	0,3	0	-4	Non
2000000024892	Smart Burger Bœuf	Hamburger à base de pain accompagné d'un steak haché, tomate, fromage fondu, oignons et sauce poivrée	164 g	Carton, Barquette	Quick	Sandwichs, Hamburgers	Œufs, Gluten, Lait, Moutarde, Anhydride sulfureux et sulfites	NA	22,6	8,5	5,2	22,3	1	5	Oui
2000000024712	Smart Burger Chicken	Burger accompagné d'une préparation panée de poulet, sauce, tomate, oignons, fromage fondu et salade	202 g	Carton, Barquette	Quick	Sandwichs, Hamburgers, Burger au poulet	Œufs, Gluten, Lait, Moutarde, Graines de sésame, Anhydride sulfureux et sulfites	NA	29,8	8,4	5	28,6	1,7	5	Oui
2000000024911	Cheesy Trio	Boules de fromage panées et frites	56 g (x 6)	Papier, Sachet	Quick	Produits panés	Œufs, Gluten, Lait	NA	9,8	4	1	6,1	0,9	18	Non
2000000024664	Burger Sauce à &quot;La Vache qui Rit&quot; ®	Burger à base de steak haché, fromage fondu et de sauce fromagère &quot;Vache qui Rit&quot; ®	120 g	Papier	Quick	Sandwichs, Hamburgers	Gluten, Lait	NA	14,9	7,1	4,8	17	1	11	Oui
2000000003964	Cheeseburger	NA	121 g	Papier	Quick	Sandwichs, Cheeseburgers, Hamburgers	Céleri, Gluten, Lait, Moutarde, Soja	298	13,1	5,8	7,8	16,1	0,9	11	Oui
2000000000961	Sauce Fromagère à la Tomate et au Basilic	Sauce Fromagère à la Tomate et au Basilic	15g	Plastique, Pot	Quick	en:groceries, Sauces	Œufs, Lait, Moutarde	NA	NA	NA	NA	NA	NA	NA	Non
2000000003270	Suprême Chicken Bacon	Hamburger au poulet pané et bacon	258 g	Carton	Quick	Sandwichs, Hamburgers	Œufs, Poisson, Gluten, Lait, Moutarde, Graines de sésame	NA	26,1	5,4	9	31,1	3,7	5	Oui
2000000027019	Sauce fromagère à la tomate et au basilic	NA	15 g	Plastique, Portion individuelle	Quick	en:groceries, Sauces, Sauces tomate	Œufs, Lait, Moutarde, Vinaigre d'alcool, Vinaigre d'alcool	NA	NA	NA	NA	NA	NA	NA	Non
2000000000287	Mayonnaise	Mayonnaise	15 g	Plastique, Pot	Quick	en:groceries, Sauces, Mayonnaises	Œufs, Moutarde, Anhydride sulfureux et sulfites	NA	10,6	0,9	0,01	0,2	0,2	18	Non
2000000024666	Long Fish	Pain aux céréales accompagné d'une préparation panée à base de poisson blanc, fromage, salade et sauce tartare	207 g	Boîte, Carton	Quick	Sandwichs, Hamburgers, Burgers au poisson	Céleri, Crustacés, Œufs, Poisson, Gluten, Lait	NA	31,7	5,4	4,6	24,9	1,9	4	Oui
944977	Barley	NA	NA	NA	Quick	NA	NA	270	1	0	0	7	NA	NA	Non
2000000089030	Long montagnard fromage pané emmental Quick	NA	1 burger	NA	Quick	Sandwichs, Hamburgers, Fast food	Œufs, Gluten, Lait	NA	NA	NA	NA	NA	NA	NA	Oui
18097	Salade Mac	NA	10 kg (5 * 2 kg)	Plastique, Sachet, Carton, Frais	McDonald's	Aliments et boissons à base de végétaux, Aliments d'origine végétale, Aliments à base de fruits et de légumes, Plats préparés, Légumes et dérivés, Frais, Aliments à base de plantes frais, Légumes-feuilles, Salades composées, Légumes frais, Salades vertes, en:Salads, Salade Iceberg, Salades	NA	NA	NA	NA	NA	NA	NA	NA	Non
13029	Cheddar	Cheddar en tranches	7.788 kg (6 * 1,298 kg)	Plastique, Carton, Frais	McDonald's	Produits laitiers, Produits fermentés, Produits laitiers fermentés, Fromages, Fromages de vache, Fromages du Royaume-Uni, Fromages d'Angleterre, Fromages en tranches, Cheddars, Cheddar en tranches	Lait	NA	NA	NA	NA	NA	NA	NA	Non
2000000010848	Sauce allégée	Vinaigrette allégée en matières grasses (26%)	25ml	Sachet	McDonald's	en:groceries, Sauces, Sauces salades, Vinaigrettes	Céleri, Lait, Moutarde	258	25,3	2,9	4,3	0,4	2,794	15	Non
2000000007992	Sauce Classic Barbecue	Sauce	25 ml	Plastique	McDonald's	en:groceries, Sauces, Sauces barbecue	Céleri, Moutarde	NA	0	0	30	0	2,30124	17	Non
2000000017820	Boeuf Ranch Moutarde	Pain spécial aux graines de sésame et de pavot, steaks hachés, cheddar fondu, oignons, salade, tomate, moutarde, sauce Ranch.	187 g	Carton	McDonald's	Sandwichs, Hamburgers	Œufs, Gluten, Lait, Moutarde, Graines de sésame, Anhydride sulfureux et sulfites	NA	13	5,1	3,3	13	0,87	4	Oui
2000000003776	P'tites tomates	NA	60 g	Plastique, Sachet	McDonald's	Aliments et boissons à base de végétaux, Aliments d'origine végétale, Aliments à base de fruits et de légumes, Légumes et dérivés, Frais, Tomates et dérivés, Aliments à base de plantes frais, Tomates, Légumes frais, Tomates cerise	NA	NA	0,5	0	1,8	0,5	0,02	-6	Non
2000000003757	Royal Deluxe	Pain spécial, steak haché, salade, oignon, fromage fondu, tomate, sauce à la moutarde à l'ancienne	227 g	Carton	McDonald's	Sandwichs, Hamburgers	Œufs, Gluten, Lait, Moutarde, Graines de sésame	547	32	12	6	31	2,1	NA	Oui
2000000018128	L'Ananas à croquer	Tranche d'ananas prête à consommer	75 g	Plastique, Sachet	McDonald's	Aliments et boissons à base de végétaux, Aliments d'origine végétale, Desserts, Aliments à base de fruits et de légumes, Fruits et produits dérivés, Fruits, Fruits tropicaux, Ananas	NA	48	0,2	0	10	0,5	0	-4	Non
2000000018349	280 sauce au poivre vert	NA	292 g	Carton	McDonald's	Sandwichs, Hamburgers	Œufs, Gluten, Lait, Moutarde, Fruits à coque, Graines de sésame, Anhydride sulfureux et sulfites	NA	14	6,5	2	15	1,1	12	Oui
2000000018940	California & Chicken	Recette de sandwich inspirée de la Californie avec une spécialité panée au poulet et une sauce à l'avocat.	258 g	Carton	McDonald's	Sandwichs, Hamburgers	Œufs, Gluten, Lait, Moutarde, Graines de sésame	NA	12	3,1	3	11	1,2	10	Oui
2000000011985	Mon Bio à Boire à la paille Fraise-Mûre	Yaourt sucré à la fraise et à la mûre à boire issu de l'agriculture biologique	90 g, 84 ml	Plastique, Pot, Frais, Opercule, Paille	McDonald's	Boissons, Produits laitiers, Produits fermentés, Produits laitiers fermentés, Boissons lactées, Frais, Boissons fermentées, Boissons lactées fermentées, Yaourts, Yaourts à boire, Boissons avec sucre ajouté, Yaourts à boire aux fruits	Lait	NA	1,7	1,1	9,3	2,9	0,1	2	Non
2000000020766	Duo de melons	Deux tranches de Melon pelées (prêtes à manger)	80 g	Plastique, Sachet	McDonald's	Aliments et boissons à base de végétaux, Aliments d'origine végétale, Aliments à base de fruits et de légumes, Fruits et produits dérivés, Fruits, Melons et pastèques, Melons	NA	32	0,1	0	5,9	0,7	0,03	-4	Non
2000000020801	Le P'tit Tex Mex	NA	123 g	Papier	McDonald's	Sandwichs, Hamburgers	Œufs, Gluten, Lait, Moutarde, Graines de sésame	NA	13	4	4	9	1,2	4	Oui
2000000022150	Berlingo Pomme	Spécialité de Pommes - Acerola	100 g	Carton, Berlingo	McDonald's	Aliments et boissons à base de végétaux, Aliments d'origine végétale, Desserts, Aliments à base de fruits et de légumes, Fruits et produits dérivés, Compotes, Compotes de pomme, Compotes à boire	NA	NA	0,1	0	13	0,3	0	-4	Non
2000000018945	Twister Fries (moyenne portion)	NA	81 g	Papier, Sachet	McDonald's	Chips et frites, Frites	NA	NA	14	1,2	2	3,7	2	10	Non
2000000024231	280 sauce Moutarde de Dijon	NA	305 g	Carton	McDonald's	Sandwichs, Hamburgers	Œufs, Gluten, Lait, Moutarde, Fruits à coque, Graines de sésame, Soja, Anhydride sulfureux et sulfites	258	14	6	1	15	1	11	Oui
2000000003773	P'tit Wrap Ranch	Galette de blé garnie de préparation pânée au poulet, du cheddar fondu, d'oignons frits et de sauce	131g	Papier	McDonald's	Sandwichs, Wraps	Œufs, Gluten, Lait	320	16	3	3	14	2,54	12	Oui
2000000025632	Trio de pommes	Petits quartiers de pommes prêts à consommer	80 g	Plastique, Sachet	McDonald's	Aliments et boissons à base de végétaux, Aliments d'origine végétale, Aliments à base de fruits et de légumes, Fruits et produits dérivés, Fruits, Pommes	NA	NA	0,2	0	9	0,2	0,01	-5	Non
2000000000087	Pommes Frites Sauce	NA	14 ml	Plastique, Sachet, Sachet individuel	McDonald's	en:groceries, Sauces	Lait, Moutarde, Lait écrémé en poudre	189	15	1	7,8	0,5	2	11	Non
2000000026525	Le Charolais	NA	135 g	Papier	McDonald's	Sandwichs, Hamburgers	Œufs, Gluten, Lait, Fruits à coque, Graines de sésame	NA	12	5,4	1,2	13	1,2	12	Oui
2000000026846	Winter fries (moyenne portion)	Morceaux de pommes de terre assaisonnées et frites	92 g	Papier	McDonald's	Chips et frites, Frites	NA	NA	12	1,5	0	3,6	0,8	1	Non
2000000027169	McWrap Poulet et Bacon	Galette de blé garnie de poulet croustillant*, de bacon grillé, de fromage fondu et sauce	258 g	Carton	McDonald's	Sandwichs, Wraps	Œufs, Gluten, Lait, Moutarde	NA	NA	NA	NA	NA	NA	NA	Oui
2000000027532	Sauce Classic Chinoise	NA	25 ml	Plastique	McDonald's	en:groceries, Sauces	Céleri, Gluten, Soja	NA	0	0	30	0	1,3	13	Non
2000000027533	Sauce Classic Curry	NA	25 ml	Plastique	McDonald's	en:groceries, Sauces, Sauces au curry	Moutarde	NA	NA	NA	NA	NA	NA	NA	Non
2000000003774	P'tite Salade	Assortiment de salades (batavia, mâche, lollo rosa) et betterave rapée.	50 g	Plastique, Boîte	McDonald's	Aliments et boissons à base de végétaux, Aliments d'origine végétale, Aliments à base de fruits et de légumes, Légumes et dérivés, Frais, en:salads, Aliments à base de plantes frais, Légumes-feuilles, Légumes frais, Salades vertes	NA	NA	0	0	2	2	0,2	-8	Non
2000000030700	Bacon & Onion Sauce	Sauce au bacon et à l'oignon	25 ml	Plastique	McDonald's	en:groceries, Sauces	NA	NA	3	0	32	2,9	2,1	18	Non
2000000030701	Grand Premium (Boeuf)	NA	320,9 g	Boîte, Carton	McDonald's	Sandwichs, Hamburgers	Œufs, Gluten, Lait, Graines de sésame, Avoine	NA	17	6,2	4	15	0,81	11	Oui
2000000030970	Croutons pour salade Chicken Caesar (ail et fines et herbes)	NA	20 g	Plastique, Sachet	McDonald's	Aliments et boissons à base de végétaux, Aliments d'origine végétale, Céréales et pommes de terre, Pains, Croûtons	Œufs, Gluten, Lait, Fruits à coque, Graines de sésame, Soja	NA	15	1	4,3	9,6	1,4	11	Non
2000000026526	Donut choco-noisette	Donut fourré à la noisette et au cacao, recouvert d'un glaçage blanc et d'étoiles au chocolat au lait.	67 g	Papier, Sachet, Décongelé	McDonald's	Snacks, Snacks sucrés, Biscuits et gâteaux, Gâteaux, Pâtisseries, Donuts	Œufs, Gluten, Lait, Fruits à coque, Soja	NA	NA	NA	NA	NA	NA	NA	Non
2000000031129	Original Sweet Mustard	NA	272 g	Carton	McDonald's	Sandwichs	Gluten, Lait, Moutarde, Graines de sésame	NA	13	7	5	12	0,92	13	Oui
2000000003762	9 Chicken McNuggets	Spécialité panée au poulet	160 g	Carton	McDonald's	Viandes, Préparations de viande, Volailles, Produits panés, Poulets, Volailles cuites, Préparations au poulet, Poulets cuisinés, Nuggets de volaille, Poulets panés, Nuggets de poulet, Nuggets	Céleri, Gluten	NA	13	1,6	0,4	16	1,2	3	Non
2000000031884	P'tit Bagel	NA	127 g	Papier	McDonald's	Sandwichs, Hamburgers	Œufs, Gluten, Lait, Moutarde, Graines de sésame	NA	12	3,9	3	12	0,94	4	Oui
2000000032118	Ice Squeeze	Tube à presser contenant de la glace à base de lait.	79,8 g	Carton, Tube	McDonald's	Desserts, Surgelés, Desserts glacés, Glaces et sorbets, Glaces	Lait	NA	4	2,5	21	3,8	0,13	5	Non
2000000032350	Le M	NA	247 g	Carton	McDonald's	Sandwichs, Hamburgers	Œufs, Gluten, Lait, Graines de sésame, Soja	NA	13	5,1	1,3	15	0,96	11	Oui
2000000032351	Le M Bacon	NA	253 g	Carton	McDonald's	Sandwichs, Hamburgers	Œufs, Gluten, Lait, Graines de sésame, Soja	NA	13	5,1	1,2	15	0,99	11	Oui
2000000033326	McWrap Crevette Sauce au Curry	NA	203 g	Carton	McDonald's	Sandwichs, Wraps	Céleri, Crustacés, Œufs, Poisson, Gluten, Lait, Moutarde, Soja	NA	11	3,4	2	8,9	1,1	2	Oui
2000000008888	Sauce Pepper	Sauce au poivre	25 ml	Plastique	McDonald's	en:groceries, Sauces, Sauces au poivre	Moutarde	NA	32	4	4	0,9	2	15	Non
2000000033769	Le 280 recette au Gruyère de France IGP	NA	294 g	Carton	McDonald's	Sandwichs, Hamburgers	Œufs, Gluten, Lait, Graines de sésame	NA	NA	NA	NA	NA	NA	NA	Oui
2000000034069	Beef Sweet Peppers	Sandwich composé de deux steaks hachés et de poivrons verts fris.	226 g	Carton	McDonald's	Sandwichs, Hamburgers	Œufs, Gluten, Lait, Graines de sésame	NA	15	5,8	3	13	1,2	12	Oui
2000000034070	Chicken Bacon & BBQ	Sandwich composé d'une spécialité panée au poulet et d'une sauce goût barbecue	241 g	Carton	McDonald's	Sandwichs, Hamburgers	Lait	NA	12	3,7	3	12	2,7	15	Oui
2000000034588	P'tit Hot Dog	NA	105 g	Papier	McDonald's	Sandwichs, Hot-dogs	Gluten, Lait, Moutarde, Graines de sésame, Soja	NA	14	4,8	8	11	1,5	13	Oui
2000000003761	4 Chicken McNuggets	Spécialités panées au poulet.	71,2 g	Carton	McDonald's	Viandes, Préparations de viande, Volailles, Produits panés, Poulets, Volailles cuites, Préparations au poulet, Poulets cuisinés, Nuggets de volaille, Poulets panés, Nuggets de poulet, Nuggets	Céleri, Gluten	NA	13	1,6	0,4	16	1,2	3	Non
2000000003779	Grande Deluxe Potatoes	Quartiers de pommes de terre avec leur peau, épicés, frits	160 g	Carton	McDonald's	Chips et frites, Frites	NA	NA	8,8	0,9	0,3	3,5	1,1	2	Non
2000000037986	Recette Cantal AOP sauce à la moutarde à l'ancienne	NA	332 g	Carton	McDonald's	Sandwichs, Hamburgers	Œufs, Gluten, Lait, Moutarde, Graines de sésame, Avoine	NA	12	5,7	1	12	1,1	10	Oui
2000000039344	Grand Chicago Chicken	NA	297 g	Carton	McDonald's	Sandwichs, Hamburgers	Œufs, Gluten, Lait, Graines de sésame	NA	NA	NA	NA	NA	NA	NA	Oui
2000000034589	McWrap Chicken Bacon & BBQ	NA	232 g	Carton, Carton non ondulé	McDonald's	Sandwichs, Wraps	Gluten, Lait	NA	10	3,4	1	12	2,8	15	Oui
2000000039772	Grand Chicago Classic	NA	281 g	Carton	McDonald's	Sandwichs, Hamburgers	Œufs, Gluten, Lait, Graines de sésame	NA	NA	NA	NA	NA	NA	NA	Oui
2000000041840	Burger Bacon & Cheddar fondu	NA	220 g	Carton	McDonald's	Sandwichs, Hamburgers	Œufs, Gluten, Lait, Graines de sésame	290	17	6,8	5	15	1,3	15	Oui
2000000041841	P'tit Campagne	Sandwich composé d'un petit pain de campagne	142 g	Papier	McDonald's	Sandwichs, Hamburgers	Œufs, Gluten, Lait, Moutarde, Graines de sésame, Anhydride sulfureux et sulfites	NA	11	4,9	1	13	1,2	11	Oui
2000000012196	Lait pour café	Lait pour café stérilisé UHT (10% M.G)	10 g	Plastique, Pot, Dose invididuelle	McDonald's	Produits laitiers, Laits	Lait	NA	10	NA	NA	NA	NA	NA	Non
2000000017538	P'tite pomme 100% françaises	Petits quartiers de pommes prêt à consommer	80 g	Plastique, Sachet	McDonald's	Aliments et boissons à base de végétaux, Aliments d'origine végétale, Aliments à base de fruits et de légumes, Fruits et produits dérivés, Fruits, Pommes	NA	53	0	0	11	0	0,01	-5	Non
2000000003766	Casse Croûte Jambon Fromage	NA	268 g	Papier	McDonald's	Sandwichs, Fast-food	NA	240	10	3	2	10	1,3	0	Oui
2000000003767	Casse Croûte Bœuf Moutarde **	NA	283 g	Boîte, Carton	McDonald's	Sandwichs, Fast-food	NA	250	11	3	2	10	1,1	1	Oui
2000000003768	Casse Croûte Poulet Curry ***	NA	309 g	Papier	McDonald's	Sandwichs	NA	250	11	1	3	8	1,2	0	Oui
2000000003775	Salade Farmer **	NA	278 g	Plastique, Barquette	McDonald's	Plats préparés, en:salads, Salades composées	NA	90	4	1	4	6	1,2	1	Non
2000000003786	Fanta Orange	NA	40 cl / 416 g	Carton, Gobelet	McDonald's	Boissons, Boissons gazeuses, Sodas, Boissons avec sucre ajouté	NA	40	0	0	9	0	0	12	Non
2000000046387	Grilled Cheese & Bacon	Sandwich chaud au steaks hachés 100% pur bœuf, cheddar fondu et bacon croustillant.	203 g	Carton, 21	McDonald's	Sandwichs, Hamburgers	Œufs, Gluten, Lait, Soja	NA	18	7,9	3	17	1,2	15	Oui
2000000047066	Sauce CBO	Sauce CBO	740 ml	Plastique, Bouteille	McDonald's	en:groceries, Sauces, Sauces pour hamburgers	Œufs, Lait, Moutarde	NA	NA	NA	NA	NA	NA	NA	Non
2000000047070	Sauce Mc Deluxe	Sauce à la moutarde à l'ancienne	750 ml e	Plastique, Carton	McDonald's	en:groceries, Sauces, Sauces pour hamburgers	Œufs, Moutarde, Soja	NA	NA	NA	NA	NA	NA	NA	Non
2000000047067	Sauce Big Mac	Sauce Big Mac pour hamburgers	Inconnu	Plastique, Carton	McDonald's	en:groceries, Sauces, Sauces pour hamburgers	Œufs, Moutarde	NA	NA	NA	NA	NA	NA	NA	Non
2000000050192	Chicken Mythic	NA	286 g	Carton	McDonald's	Sandwichs, Hamburgers	Céleri, Œufs, Gluten, Lait, Moutarde, Graines de sésame, Soja, Avoine	NA	13	3,1	3	9,4	1,1	3	Oui
2000000051134	Beef BBQ Burger 1 viande	NA	296 g	Papier, Carton	McDonald's	Sandwichs, Hamburgers	Œufs, Gluten, Lait, Graines de sésame	NA	8	4,1	3	11	1,7	12	Oui
2000000025242	Grand Big Mac	NA	351 g	Carton	McDonald's	Sandwichs, Hamburgers	Œufs, Gluten, Lait, Moutarde, Graines de sésame, Anhydride sulfureux et sulfites	NA	NA	NA	NA	NA	NA	NA	Oui
2000000058842	Mc Café	NA	18 g	Plastique	McDonald's	Boissons, Petit-déjeuners, Cacao et dérivés, Cacaos et chocolats en poudre, Boissons instantanées, Chocolats en poudre, Boissons avec sucre ajouté	Gluten	381	7	4,4	57	6,5	0,05	NA	Non
66188003127	McCafé Torréfaction Mi-Noire	McCafé Torréfaction Mi-Noire	340 g	Plastique, Sachet	McDonald's	Aliments et boissons à base de végétaux, Aliments d'origine végétale, Cafés, Cafés moulus	NA	NA	NA	NA	NA	NA	NA	NA	Non
2000000037576	Recette à l'Emmental Français et aux Échalotes Grillées	NA	350 g	Carton	McDonald's	Sandwichs, Hamburgers	Céleri, Œufs, Gluten, Lait, Moutarde, Graines de sésame, Avoine	NA	11	5,1	1	11	0,86	9	Oui
2000000036895	Sauce Creamy Deluxe	Sauce à la crème	25 ml	Plastique	McDonald's	en:groceries, Sauces, Sauces à la crème	Œufs, Lait	NA	8,2	1	0,3	0,2	0,3	11	Non
2000000024637	Grand Big Mac Chicken	Hamburger poulet pané	360 g	Carton	McDonald's	Sandwichs, Sandwichs à la volaille, Sandwichs au poulet, Hamburgers, Fastfood	Céleri, Œufs, Gluten, Lait, Moutarde, Graines de sésame, Anhydride sulfureux et sulfites	NA	NA	NA	NA	NA	NA	NA	Oui
2000000047064	Emmental	Tranches d'emmental fondu (code-barres 02303XXX)	Inconnu	Boîte, Carton, Frais, Carton$Boîte	McDonald's	Produits laitiers, Produits fermentés, Produits laitiers fermentés, Fromages, Fromages à pâte pressée cuite, Fromages de vache, Emmentals, Fromages en tranches, Fromages fondus	Lait	NA	NA	NA	NA	NA	NA	NA	Non
2000000003782	Moyen Coca Cola Light	NA	40 cl	Carton, Gobelet	McDonald's	Boissons, Boissons gazeuses, Boissons édulcorées, Sodas, Boissons light, Sodas au cola, Sodas light, Sodas au cola light, Boissons sans sucre ajouté	NA	NA	0	0	0	0	0	0	Non
2000000003783	Moyen Coca-Cola	NA	40 cl	Carton, Gobelet	McDonald's	Boissons, Boissons gazeuses, Sodas, Sodas au cola, Boissons avec sucre ajouté	NA	NA	0	0	11	0	0	14	Non
2000000003784	Coca Cola Zero (40cl)	NA	402 g	Carton, Gobelet	McDonald's	Boissons, Boissons gazeuses, Boissons édulcorées, Sodas, Boissons light, Sodas au cola, Sodas light, Sodas au cola light, Boissons avec sucre ajouté	NA	NA	0	0	0	0	0,1	0	Non
2000000003759	Double Cheese	Pain spécial, steaks hachés, fromage fondu, oignons, cornichons, moutarde, ketchup	173 g	Carton	McDonald's	Sandwichs, Cheeseburgers	Gluten, Lait, Moutarde, Graines de sésame, Anhydride sulfureux et sulfites	NA	14	6,9	4,5	15	1,5	14	Oui
2000000027659	Salade Chicken Caesar	Salade composée d'un mélange de romaine, de morceaux de filet de poulet saumuré rôti, de fromage à pâte dure affiné, de tomate cerise et de ciboulette	160 g	Plastique	McDonald's	Plats préparés, Produits à la viande, Plats à base de pâtes, en:salads, Plats préparés à la viande, Salades composées, Salades de pâtes, Plats à la volaille, Plats au poulet, Salades caesar, Salades de légumes	Œufs, Lait	NA	5	2,8	0,4	11,7	0,77	0	Non
2000000030969	Salade Chicken Caesar	Salade composée d'un mélange de romaine et de batavia, de morceaux de poulet*, de poivre noir, de copeaux de fromage (et de croûtons saveur ail et fines herbes)	140 g	Plastique, Barquette	McDonald's	Plats préparés, Frais, Produits à la viande, en:salads, Plats préparés à la viande, Salades composées, Plats préparés frais, Plats à la volaille, Plats au poulet, Salades de légumes	Lait	119	5,2	3	1,3	14,8	1,1	0	Non
2000000023643	Salade chicken coleslaw	Salade composée d'un mélange d'émincé de chou blanc, carotte râpée et d'oignon blanc avec une sauce au fromage blanc, de salade, de morceaux de filet de poulet saumuré rôti, de cheddar et de tomate cerise.	255 g	Plastique, Barquette	McDonald's	Plats préparés, Produits à la viande, en:salads, Plats préparés à la viande, Salades composées, Plats à la volaille, Plats au poulet, Salades de légumes	Œufs, Lait, Moutarde	97	5,3	2	4,3	6,7	0,6	-3	Non
2000000067583	McWrap Bœuf Deluxe	NA	184,2 g	Carton	McDonald's	Plats préparés, Produits à la viande, Sandwichs, Plats préparés à la viande, Plats au bœuf, Wraps	Œufs, Gluten, Lait, Moutarde	NA	14	5,4	2,1	10	1,5	13	Oui
2000000022875	LE CBO™	NA	232,4 g	Boîte, Carton	McDonald's	Sandwichs, Hamburgers	Œufs, Gluten, Lait, Moutarde, Graines de sésame	NA	NA	NA	NA	NA	NA	NA	Oui
2000000112543	McChoconuts nappage Choconuts	NA	~ 102 g	Papier, Carton	McDonald's	Snacks, Snacks sucrés	Gluten, Lait, Fruits à coque, Arachides, Soja	425	17	11	26	9,8	0,69	18	Non
2000000045785	Mon Jus de Pomme Bio	Pur jus de Pomme	30 cl	Tetra Pak, Brik	McDonald's	Aliments et boissons à base de végétaux, Boissons, Boissons à base de végétaux, Boissons aux fruits, Jus et nectars, Jus de fruits, Jus de fruits pur jus, Jus de pomme	NA	NA	0	0	12	0	0	5	Non
2000000003788	Minute Maid (30cl) *	Jus d'orange à base de concentré.	300 g	Carton, Gobelet	McDonald's	Aliments et boissons à base de végétaux, Boissons, Boissons à base de végétaux, Boissons aux fruits, Jus et nectars, Jus de fruits, Jus de fruits à base de concentré, Jus d'orange, Jus d'orange à base de concentré	NA	45	0	0	11	0	0	5	Non
2000000003787	Lipton Ice Tea Pêche	Thé glacé saveur pêche	40 cl	Carton, Gobelet	McDonald's	Aliments et boissons à base de végétaux, Boissons, Boissons à base de végétaux, Boissons au thé, Thés glacés, Thés glacés saveur pêche, Boissons avec sucre ajouté	NA	25	0	0	7	0	0	9	Non
2000000003785	Sprite	Boisson gazeuse aromatisée	40 cl /413 g	Carton, Gobelet	McDonald's	Boissons, Boissons gazeuses, Sodas, Boissons avec sucre ajouté	NA	30	0	0	7	0	0	10	Non
2000000047065	Sauce Tartare	Sauce tartare pour hamburgers	750 ml	Plastique, Carton, Flacon	McDonald's	en:groceries, Sauces, Sauces tartare	Œufs, Moutarde	NA	NA	NA	NA	NA	NA	NA	Non
2000000000088	Royal Cheese	NA	206 g environ	Boîte, Carton	McDonald's	Sandwichs, Cheeseburgers, Hamburgers	Gluten, Lait, Moutarde, Graines de sésame	NA	28	14	10	32	2,6	14	Oui
2000000056723	Big Mac Bacon	NA	220 g	Carton	McDonald's	Sandwichs, Hamburgers	Œufs, Gluten, Lait, Moutarde, Graines de sésame	529	27	10	8	29	2,4	10	Oui
2000000002605	LE CROQUE McDo™	Pain spécial, fromage fondu, jambon.	95 g	Papier, Sachet	McDonald's	Sandwichs, Croque-monsieur	Gluten, Lait, Graines de sésame	258	9,9	5,7	5,2	14	1,9	15	Oui
2000000116368	LE 280™ ORIGINAL	NA	325.5 g	Boîte	McDonald's	Sandwichs, Hamburgers, Hamburgers de fast food	Œufs, Gluten, Lait, Moutarde, Graines de sésame	778	42	19	4	44	3,5	10	Oui
2000000116369	McFIRST™ POISSON	NA	191 g	Boîte	McDonald's	Sandwichs, Hamburgers, Hamburgers de fast food	Œufs, Poisson, Gluten, Lait, Graines de sésame	384	14	4	10	18	1,9	3	Oui
2000000116370	McFIRST™ POULET	NA	210.7 g	Boîte	McDonald's	Sandwichs, Hamburgers, Hamburgers de fast food	Céleri, Œufs, Gluten, Lait, Moutarde, Graines de sésame	436	18	5	10	21	2,7	4	Oui
2000000003771	LE McWRAP™ CHÈVRE	Spécialité panée à base de fromage de chèvre et oignons préparés et frits, sauce saveur chèvre, salade et tomate, le tout dans une galette de blé.	214 g	Carton	McDonald's	Sandwichs, Wraps	Céleri, Œufs, Gluten, Lait, Moutarde, Soja	536	26	8	4	15	2	5	Oui
2000000035054	Chicken Big Tasty Bacon	NA	320,9 g	Carton	McDonald's	Sandwichs, Hamburgers	Œufs, Gluten, Lait, Graines de sésame	NA	NA	NA	NA	NA	NA	NA	Oui
2000000018336	280 recette originale	NA	~ 325,82 g	Carton	McDonald's	Sandwichs, Hamburgers	Œufs, Gluten, Lait, Moutarde, Fruits à coque, Graines de sésame	239	13	5,8	1	14	1,1	10	Oui
2000000116432	LE CBO™	NA	232.4 g	Boîte, Carton	McDonald's	Sandwichs, Burger au poulet	Œufs, Gluten, Lait, Moutarde, Graines de sésame	660	34	7	7	26	3	4	Oui
2000000017868	6 Chicken McNuggets	Spécialité panée au poulet	106 g	Boîte, Carton	McDonald's	Viandes, Plats préparés, Préparations de viande, Volailles, Produits panés, Poulets, Volailles cuites, Préparations au poulet, Poulets cuisinés, Nuggets de volaille, Poulets panés, Nuggets de poulet, Nuggets	Céleri, Gluten	251	17	14	17	16	1,2	21	Non
2000000003763	20 Chicken McNuggets	Spécialités panées au poulet.	355 g	Carton	McDonald's	Viandes, Préparations de viande, Volailles, Produits panés, Poulets, Volailles cuites, Préparations au poulet, Poulets cuisinés, Nuggets de volaille, Poulets panés, Nuggets de poulet, Nuggets	Céleri, Gluten	893	46	5,5	1,4	56	4,2	NA	Non
2000000019074	McFlurry M&M's	Glace à base de lait et éclats de M&M's	173 g	Plastique, Pot, Surgelé	McDonald's	Desserts, Surgelés, Desserts glacés, Glaces et sorbets, Glaces, Crèmes glacées en pot	Lait, Fruits à coque, Arachides, Soja	NA	NA	NA	NA	NA	NA	NA	Non
2000000003285	Cheeseburger	Pain spécial, steak haché, fromage fondu, oignon, cornichon, moutarde, ketchup.	120 g	Papier	McDonald's	Sandwichs, Cheeseburgers	Gluten, Lait, Moutarde, Graines de sésame, Anhydride sulfureux et sulfites	304	13	6,1	7,3	16	1,7	14	Oui
2000000003778	Deluxe Potatoes Moyenne	Morceaux de pomme de terre frits et épicés	110 g	Papier, Sachet	McDonald's	Chips et frites, Frites, Pommes de terre frites	Anhydride sulfureux et sulfites, E220	195	9	1	0	3	1,2	3	Non
2000000025631	McFish	NA	124 g	Papier	McDonald's	Sandwichs, Hamburgers	Crustacés, Poisson, Gluten, Lait, Graines de sésame, Soja	NA	NA	NA	NA	NA	NA	NA	Oui
2000000017631	Mc Chicken	Pain spécial, spécialité panée au poulet, salade, sauce	195 g	Boîte, Carton, da:Pap 21	McDonald's	Sandwichs, Hamburgers, Burger au poulet	Œufs, Gluten, Lait, Moutarde, Graines de sésame	443	19	2,3	6,4	10,8	1,9	13	Oui
2000000017952	Poulet Ranch Ketchup	Pain spécial aux graines de sésame et de pavot, spécialité panée au poulet, cheddar fondu, oignons, cornichons, salade, ketchup, sauce Ranch	210 g	Carton	McDonald's	Sandwichs, Hamburgers	Céleri, Œufs, Gluten, Lait, Graines de sésame, Anhydride sulfureux et sulfites	NA	NA	NA	NA	NA	NA	NA	Oui
2000000021927	Grand Premium Fries (moyenne portion)	Frites assaisonnées et croustillantes	92 g	Papier, Sachet	McDonald's	Chips et frites, Frites	NA	NA	NA	NA	NA	NA	NA	NA	Non
2000000003781	Frites Moyenne	Bâtonnets de Pommes de terre frites	114 g	Sachet, Carton	McDonald's	Chips et frites, Frites	NA	341	17	1,5	0,4	3,42	0,55	4	Non
2000000003754	Petite Frite	Bâtonnets de pommes de terre frites	80 g	Papier, Sachet	McDonald's	Chips et frites, Frites	NA	NA	15	1,3	0,4	3,8	0,5	0	Non
2000000029054	Poisson Ranch	pain spécial aux graines de sésame et de pavot, poisson pan, cheddar fondu, oignons, salade, ketchup, sauce Ranch	192,1 g	Boîte, Carton	McDonald's	Sandwichs, Hamburgers, Burgers au poisson	Crustacés, Œufs, Poisson, Gluten, Lait, Graines de sésame	NA	NA	NA	NA	NA	NA	NA	Oui
2000000034071	Hawaii & Fish Burger	Recette inspirée d'Hawaii avec une préparation de poisson pané	230 g	Carton	McDonald's	Sandwichs, Hamburgers, Burgers au poisson	Œufs, Poisson, Gluten, Lait, Graines de sésame	NA	12	3,5	4	11	1,2	10	Oui
2000000003765	Caricamento…	Pain spécial, préparation de poisson panée, fromage fondu, sauce.	137 g	Carton	McDonald's	Sandwichs, Hamburgers, Burgers au poisson	Céleri, Crustacés, Œufs, Poisson, Gluten, Lait, Moutarde, Graines de sésame, Soja	331	13	2,6	4,8	10,9	1,5	11	Oui
2000000017899	Grand Double Cheese	Pain spécial, steaks hachés, fromage fondu, oignons, moutarde, ketchup	258 g	Carton	McDonald's	Sandwichs, Cheeseburgers	Gluten, Lait, Moutarde, Graines de sésame, Anhydride sulfureux et sulfites	NA	NA	NA	NA	NA	NA	NA	Oui
2000000003758	Royal Bacon	Pain spécial, steak haché, bacon, fromage fondu, cornichon, oignon, moutarde, ketchup	197 g	Carton	McDonald's	Sandwichs, Hamburgers	Gluten, Lait, Moutarde, Graines de sésame	NA	13	6,1	4,1	17	0,81	11	Oui
2000000121163	McBaguette	Sandwich avec steak haché et moutarde à l'ancienne	244 g	Carton	McDonald's	Sandwichs, Hamburgers, Hamburgers de fast food	NA	285	14	5,1	1,3	14	1,2	12	Oui
2000000025785	LE BIG TASTY™	NA	340.7 g	Carton	McDonald's	Sandwichs, Hamburgers	Œufs, Gluten, Lait, Graines de sésame	828	50	20	10	44	3,7	11	Oui
2000000132298	Chicken Mayo	sandwich au poulet	NA	NA	McDonald's	Sandwichs	NA	266	13	2,1	3,6	8,6	1,1	3	Oui
2000000132217	Chicken Big Tasty	NA	1 sandwich	NA	McDonald's	Sandwichs, Burger au poulet	NA	NA	13	3,8	3,1	9,5	1,3	10	Oui
24	McDonald's	NA	NA	NA	McDonald's	NA	NA	NA	NA	NA	NA	NA	NA	NA	Non
4006824000345	Tomato Ketchup	NA	NA	NA	McDonald's	en:groceries, Sauces, Sauces tomate, Ketchup, Ketchup de tomate	NA	125	0,4	0,1	18,9	1,6	2	13	Non
2000000110659	McWrap Indian Veggie	NA	NA	NA	McDonald's	Sandwichs, Wraps	Œufs, Gluten, Lait, Anhydride sulfureux et sulfites	443	19	4	5	11	2,5	3	Oui
2000000116388	LE McWRAP™ NEW YORK & POULET BACON	NA	257.9 g	NA	McDonald's	Sandwichs, Wraps	Œufs, Gluten, Lait, Moutarde	606	31	7	4,9	28	2,1	1	Oui
2000000116390	LE DONUT NATURE	NA	65 g	NA	McDonald's	Biscuits et gâteaux, Gâteaux, Donuts, Donuts nature saupoudrés de sucre	Œufs, Gluten, Lait, Fruits à coque, Soja	287	17	8	10	4	0,4	19	Non
4006824002998	Tomato Ketchup	NA	NA	NA	McDonald's	en:groceries, Sauces, Sauces tomate, Ketchup, Ketchup de tomate	NA	125	0,4	0,1	18,9	1,6	2	13	Non
2000000116399	LA SAUCE POMMES-FRITES	NA	14 ml	NA	McDonald's	en:groceries, Sauces	Lait, Moutarde	27	2,2	0,1	1,1	0,1	0,3	12	Non
2000000116398	LA SAUCE CLASSIC BARBECUE	NA	25 ml	NA	McDonald's	en:groceries, Sauces, Sauces barbecue	Céleri, Moutarde	40	0	0	9	0	0,7	18	Non
2000000116396	LA VEGGIE PASTA & MOZZA	NA	271 g	NA	McDonald's	Plats préparés, Plats à base de pâtes, en:salads, Salades composées, Salades de pâtes, Salades de pâtes végétariennes	Œufs, Gluten, Lait	244	18	9	1	10	0,3	1	Non
2000000116397	LA TASTY BLUE CHEESE & BACON	NA	296 g	NA	McDonald's	en:salads	Lait, Fruits à coque	431	25	9	12	34	1,9	-1	Non
2000000116394	LA CLASSIC CAESAR	NA	221 g	NA	McDonald's	Plats préparés, en:salads, Salades composées, Salades caesar	Œufs, Gluten, Lait	303	13	7	2	34	1,4	0	Non
2000000116393	LES P'TITES TOMATES	NA	60 g	NA	McDonald's	Aliments et boissons à base de végétaux, Aliments d'origine végétale, Aliments à base de fruits et de légumes, Légumes et dérivés, Tomates et dérivés, Tomates, Tomates cerise	NA	20	0,5	0	1,8	0,5	0,02	-6	Non
2000000116392	LE MUFFIN AUX MYRTILLES	NA	127 g	NA	McDonald's	Biscuits et gâteaux, Gâteaux, Muffins, Muffins aux fruits, Muffins aux myrtilles	Œufs, Gluten, Lait, Soja	480	22	11	35	6,1	1,1	21	Non
2000000116391	LE DONUT CONFETTI	NA	57.2 g	NA	McDonald's	Biscuits et gâteaux, Gâteaux, Donuts	Gluten, Lait, Soja	245	15	8	13	4	0,7	24	Non
2000000116389	LE McWRAP™ VEGGIE	NA	229.1 g	NA	McDonald's	Sandwichs, Wraps	Céleri, Œufs, Gluten, Lait, Moutarde, Graines de sésame, Soja	610	34	8	9	14	2,2	7	Oui
9387949318313	LE BIG MAC™	NA	216.7	NA	McDonald's	NA	Œufs, Gluten, Lait, Moutarde, Graines de sésame, Anhydride sulfureux et sulfites	503	25	9,7	8,5	26	2,2	NA	Non
2000000116378	LE TRIPLE CHEESBURGER BACON	NA	229 g	NA	McDonald's	Sandwichs, Hamburgers, Hamburgers de fast food	Gluten, Lait, Moutarde, Graines de sésame, Anhydride sulfureux et sulfites	630	38	19	8,9	40	3,3	17	Oui
2000000116377	LE TRIPLE CHEESEBURGER	NA	223 g	NA	McDonald's	Sandwichs, Hamburgers, Hamburgers de fast food	Gluten, Lait, Moutarde, Graines de sésame, Anhydride sulfureux et sulfites	590	34	18	8	38	3,2	17	Oui
2000000116376	McFIRST™ BŒUF	NA	170 g	NA	McDonald's	Sandwichs, Hamburgers, Hamburgers de fast food	Œufs, Gluten, Lait, Graines de sésame	366	16	6	10	17	1,8	4	Oui
2000000116374	LE P'TIT RANCH	NA	128 g	NA	McDonald's	Sandwichs, Wraps	Œufs, Gluten, Lait	315	14	3	2	12	1,8	10	Oui
2000000116375	LE P'TIT WRAP CHÈVRE	NA	142.1 g	NA	McDonald's	Sandwichs, Wraps	Céleri, Œufs, Gluten, Lait, Moutarde, Soja	361	23	9	3	14	1,9	13	Oui
2000000116373	LE McMUFFIN™ EGG & BACON	NA	141 g	NA	McDonald's	NA	Œufs, Gluten, Lait	297	13	5	3	18	1,5	NA	Non
2000000116372	LE McMUFFIN™ EGG & CHEESE	NA	134 g	NA	McDonald's	NA	Œufs, Gluten, Lait	271	11	5	3	16	1,3	NA	Non
2000000116334	LA SAUCE BIG MAC	SAUCE BIG MAC	25 ml	NA	McDonald's	en:groceries, Sauces, Sauces burger	Œufs, Moutarde	61	5	0	3	0	0,2	8	Non
2000000116331	LE P'TIT FONDU	NA	113 g	NA	McDonald's	NA	Œufs, Gluten, Lait	186	14	6	2	11	1	NA	Non
80767476	Croque macdo	NA	NA	NA	McDonald's	NA	NA	258	9	5	5	6	1	NA	Non
4006824004077	Tomato ketchup mcdonalds	NA	NA	NA	McDonald's	en:groceries, Sauces, Sauces tomate, Ketchup	NA	529	0,4	0,1	18,9	1,6	2	16	Non
2000000058789	Ptit Italien	NA	NA	NA	McDonald's	Sandwichs, Hamburgers	NA	232	10	4,8	4	13	4,3	15	Oui
2000000058441	Boîte à picorer	NA	NA	21	McDonald's	NA	NA	NA	NA	NA	NA	NA	NA	NA	Non
2000000003755	Liste des produits Mcdonald's	NA	NA	NA	McDonald's	NA	NA	NA	NA	NA	NA	NA	NA	NA	Non
